{"cameraMode":{"drawMode":0,"name":"Shaded","section":"Shading Mode"},"sceneLighting":false,"audioPlay":false,"sceneViewState":{"m_AlwaysRefresh":false,"showFog":true,"showSkybox":false,"showFlares":true,"showImageEffects":true,"showParticleSystems":true,"showVisualEffectGraphs":true,"m_FxEnabled":true},"in2DMode":false,"pivot":{"x":1.5555343627929688,"y":-0.6442882418632507,"z":-0.8310858607292175},"rotation":{"x":-0.24861253798007966,"y":0.1357409954071045,"z":-0.03521168977022171,"w":-0.9583991765975952},"size":0.3826241195201874,"orthographic":false}